{
    "closeness": 2.498361847980216,
    "top20": [
        {
            "x": [
                2.0,
                0.0,
                6.0,
                8.0,
                10.0,
                12.0,
                14.0,
                16.0,
                18.0,
                20.0,
                0.0,
                0.0,
                0.0,
                14.0
            ],
            "y": [
                0.923076923076923,
                2.0946497983307317,
                0.923076923076923,
                0.923076923076923,
                0.923076923076923,
                0.923076923076923,
                14.923076923076923
            ]
        },
        {
            "x": [
                2.0,
                0.0,
                6.0,
                8.0,
                10.0,
                12.0,
                14.0,
                16.0,
                0.0,
                0.0,
                0.0,
                0.0,
                0.0,
                14.0
            ],
            "y": [
                0.923076923076923,
                0.923076923076923,
                2.6804362359576364,
                0.923076923076923,
                0.923076923076923,
                0.923076923076923,
                14.923076923076923
            ]
        },
        {
            "x": [
                2.0,
                0.0,
                6.0,
                8.0,
                10.0,
                12.0,
                0.0,
                0.0,
                0.0,
                0.0,
                0.0,
                0.0,
                0.0,
                14.0
            ],
            "y": [
                0.923076923076923,
                0.923076923076923,
                0.923076923076923,
                3.2662226735845414,
                0.923076923076923,
                0.923076923076923,
                14.923076923076923
            ]
        },
        {
            "x": [
                2.0,
                0.0,
                6.0,
                8.0,
                0.0,
                0.0,
                0.0,
                0.0,
                0.0,
                0.0,
                0.0,
                0.0,
                0.0,
                14.0
            ],
            "y": [
                0.923076923076923,
                0.923076923076923,
                0.923076923076923,
                0.923076923076923,
                3.8520091112114465,
                0.923076923076923,
                14.923076923076923
            ]
        },
        {
            "x": [
                2.0,
                0.0,
                0.0,
                0.0,
                0.0,
                0.0,
                0.0,
                0.0,
                0.0,
                0.0,
                0.0,
                0.0,
                0.0,
                14.0
            ],
            "y": [
                0.923076923076923,
                0.923076923076923,
                0.923076923076923,
                0.923076923076923,
                0.923076923076923,
                4.437795548838352,
                14.923076923076923
            ]
        },
        {
            "x": [
                0.0,
                0.0,
                0.0,
                0.0,
                0.0,
                0.0,
                0.0,
                0.0,
                0.0,
                0.0,
                0.0,
                0.0,
                0.0,
                14.0
            ],
            "y": [
                0.923076923076923,
                0.923076923076923,
                0.923076923076923,
                0.923076923076923,
                0.923076923076923,
                0.923076923076923,
                14.923076923076923
            ]
        },
        {
            "x": [
                0.0,
                0.0,
                0.0,
                0.0,
                0.0,
                0.0,
                0.0,
                0.0,
                0.0,
                0.0,
                0.0,
                0.0,
                0.0,
                0.0
            ],
            "y": [
                0.6666666666666666,
                0.6666666666666666,
                0.6666666666666666,
                0.6666666666666666,
                0.6666666666666666,
                0.6666666666666666,
                14.666666666666666
            ]
        }
    ],
    "highest_ys": [
        2.9230769230769216,
        4.923076923076921,
        6.923076923076921,
        8.92307692307692,
        10.923076923076922,
        12.923076923076922,
        14.923076923076923
    ]
}