{
    "closeness": 1.9591438800867638,
    "top20": [
        {
            "x": [
                0.0,
                0.0,
                0.0,
                0.0,
                0.0,
                0.0,
                0.0,
                0.0,
                0.0,
                0.0,
                0.0,
                0.0,
                0.0,
                14.0
            ],
            "y": [
                0.923076923076923,
                0.923076923076923,
                0.923076923076923,
                0.923076923076923,
                0.923076923076923,
                0.923076923076923,
                14.923076923076923
            ]
        },
        {
            "x": [
                0.0,
                0.0,
                0.0,
                0.0,
                0.0,
                0.0,
                0.0,
                0.0,
                0.0,
                0.0,
                0.0,
                0.0,
                0.0,
                0.0
            ],
            "y": [
                0.6666666666666666,
                0.6666666666666666,
                0.6666666666666666,
                0.6666666666666666,
                0.6666666666666666,
                0.6666666666666666,
                14.666666666666666
            ]
        }
    ],
    "highest_ys": [
        2.5669311365956258,
        4.210785350114328,
        6.051902069255276,
        8.03504779244424,
        10.168639053254436,
        12.46153846153846,
        14.923076923076923
    ]
}