{
    "closeness": 3.316228133449505,
    "top20": [
        {
            "x": [
                1.0,
                0.0,
                0.0,
                4.0,
                0.0,
                6.0,
                0.0,
                8.0,
                0.0,
                10.0,
                0.0,
                12.0,
                0.0,
                0.0
            ],
            "y": [
                1.3092304997999369,
                1.5745885538489435,
                2.1764482867391566,
                3.141096247973798,
                4.6531778490297695,
                6.983794550525451,
                10.529016429826866
            ]
        },
        {
            "x": [
                1.0,
                0.0,
                0.0,
                4.0,
                0.0,
                6.0,
                0.0,
                8.0,
                0.0,
                10.0,
                0.0,
                0.0,
                0.0,
                0.0
            ],
            "y": [
                1.422091818873659,
                1.0,
                2.1764482867391566,
                3.141096247973798,
                4.6531778490297695,
                6.983794550525451,
                10.529016429826866
            ]
        },
        {
            "x": [
                1.0,
                0.0,
                0.0,
                4.0,
                0.0,
                6.0,
                0.0,
                8.0,
                0.0,
                0.0,
                0.0,
                12.0,
                0.0,
                0.0
            ],
            "y": [
                1.422091818873659,
                1.7842988578261043,
                1.0,
                3.141096247973798,
                4.6531778490297695,
                6.983794550525451,
                10.529016429826866
            ]
        },
        {
            "x": [
                1.0,
                0.0,
                0.0,
                0.0,
                0.0,
                6.0,
                0.0,
                8.0,
                0.0,
                10.0,
                0.0,
                12.0,
                0.0,
                0.0
            ],
            "y": [
                1.422091818873659,
                1.7842988578261043,
                2.6058221859803483,
                3.9225422792238156,
                5.986495458771209,
                1.0000000000000004,
                10.529016429826866
            ]
        },
        {
            "x": [
                0.0,
                0.0,
                0.0,
                4.0,
                0.0,
                6.0,
                0.0,
                8.0,
                0.0,
                10.0,
                0.0,
                12.0,
                0.0,
                0.0
            ],
            "y": [
                1.422091818873659,
                1.7842988578261043,
                2.6058221859803483,
                3.9225422792238156,
                5.986495458771209,
                9.167728368423028,
                1.0000000000000009
            ]
        },
        {
            "x": [
                0.0,
                0.0,
                0.0,
                4.0,
                0.0,
                6.0,
                0.0,
                8.0,
                0.0,
                10.0,
                0.0,
                0.0,
                0.0,
                0.0
            ],
            "y": [
                1.5761446677327724,
                1.0,
                2.6058221859803483,
                3.9225422792238156,
                5.986495458771209,
                9.167728368423028,
                1.0000000000000009
            ]
        },
        {
            "x": [
                0.0,
                0.0,
                0.0,
                4.0,
                0.0,
                6.0,
                0.0,
                8.0,
                0.0,
                0.0,
                0.0,
                12.0,
                0.0,
                0.0
            ],
            "y": [
                1.5761446677327724,
                2.070548123986899,
                1.0000000000000002,
                3.9225422792238156,
                5.986495458771209,
                9.167728368423028,
                1.0000000000000009
            ]
        },
        {
            "x": [
                0.0,
                0.0,
                0.0,
                0.0,
                0.0,
                6.0,
                0.0,
                8.0,
                0.0,
                10.0,
                0.0,
                12.0,
                0.0,
                0.0
            ],
            "y": [
                1.5761446677327724,
                2.070548123986899,
                3.1919067094178617,
                4.989196367016968,
                7.806440307019191,
                1.0000000000000007,
                1.0000000000000009
            ]
        },
        {
            "x": [
                0.0,
                0.0,
                0.0,
                0.0,
                0.0,
                6.0,
                0.0,
                8.0,
                0.0,
                10.0,
                0.0,
                0.0,
                0.0,
                0.0
            ],
            "y": [
                1.7864229139590695,
                1.0,
                3.1919067094178617,
                4.989196367016968,
                7.806440307019191,
                1.0000000000000007,
                1.0000000000000009
            ]
        },
        {
            "x": [
                0.0,
                0.0,
                0.0,
                0.0,
                0.0,
                6.0,
                0.0,
                8.0,
                0.0,
                0.0,
                0.0,
                12.0,
                0.0,
                0.0
            ],
            "y": [
                1.7864229139590695,
                2.461271139611908,
                1.0000000000000002,
                4.989196367016968,
                7.806440307019191,
                1.0000000000000007,
                1.0000000000000009
            ]
        },
        {
            "x": [
                0.0,
                0.0,
                0.0,
                0.0,
                0.0,
                0.0,
                0.0,
                8.0,
                0.0,
                10.0,
                0.0,
                12.0,
                0.0,
                0.0
            ],
            "y": [
                1.7864229139590695,
                2.461271139611908,
                3.9918972752627253,
                6.445152245615352,
                1.0000000000000007,
                1.0000000000000007,
                1.0000000000000009
            ]
        },
        {
            "x": [
                0.0,
                0.0,
                0.0,
                0.0,
                0.0,
                0.0,
                0.0,
                8.0,
                0.0,
                10.0,
                0.0,
                0.0,
                0.0,
                0.0
            ],
            "y": [
                2.07344740693969,
                1.0000000000000002,
                3.9918972752627253,
                6.445152245615352,
                1.0000000000000007,
                1.0000000000000007,
                1.0000000000000009
            ]
        },
        {
            "x": [
                0.0,
                0.0,
                0.0,
                0.0,
                0.0,
                0.0,
                0.0,
                8.0,
                0.0,
                0.0,
                0.0,
                12.0,
                0.0,
                0.0
            ],