{
    "closeness": 3.17750053969996,
    "top20": [
        {
            "x": [
                1.0,
                2.0,
                3.0,
                4.0,
                5.0,
                6.0,
                7.0,
                8.0,
                0.0,
                10.0,
                0.0,
                12.0,
                13.0,
                14.0
            ],
            "y": [
                1.363510463310004,
                2.3013972309324937,
                4.531499448200531,
                3.0275316730573048,
                3.7621374924517768,
                4.578845626596822,
                5.484990989881522
            ]
        },
        {
            "x": [
                1.0,
                2.0,
                3.0,
                4.0,
                5.0,
                6.0,
                0.0,
                8.0,
                0.0,
                10.0,
                0.0,
                12.0,
                13.0,
                14.0
            ],
            "y": [
                1.157252632998261,
                1.7625372325539281,
                3.201779766030654,
                6.089838518639734,
                3.7621374924517768,
                4.578845626596822,
                5.484990989881522
            ]
        },
        {
            "x": [
                1.0,
                2.0,
                3.0,
                4.0,
                5.0,
                6.0,
                0.0,
                8.0,
                0.0,
                10.0,
                0.0,
                0.0,
                13.0,
                14.0
            ],
            "y": [
                0.8303438181057754,
                2.0130907499185264,
                3.201779766030654,
                6.089838518639734,
                3.7621374924517768,
                4.578845626596822,
                5.484990989881522
            ]
        },
        {
            "x": [
                1.0,
                2.0,
                3.0,
                4.0,
                0.0,
                6.0,
                7.0,
                8.0,
                0.0,
                10.0,
                0.0,
                12.0,
                13.0,
                14.0
            ],
            "y": [
                1.157252632998261,
                1.7625372325539281,
                3.201779766030654,
                2.231163094649474,
                7.826204186517407,
                4.578845626596822,
                5.484990989881522
            ]
        },
        {
            "x": [
                1.0,
                2.0,
                3.0,
                4.0,
                0.0,
                6.0,
                0.0,
                8.0,
                0.0,
                10.0,
                0.0,
                12.0,
                13.0,
                14.0
            ],
            "y": [
                1.0241398815070115,
                1.4147728012868672,
                2.343617700919349,
                4.20748607598726,
                7.826204186517407,
                4.578845626596822,
                5.484990989881522
            ]
        },
        {
            "x": [
                1.0,
                2.0,
                3.0,
                4.0,
                0.0,
                6.0,
                0.0,
                8.0,
                0.0,
                10.0,
                0.0,
                0.0,
                13.0,
                14.0
            ],
            "y": [
                0.8131625248107263,
                1.5764726894404637,
                2.343617700919349,
                4.20748607598726,
                7.826204186517407,
                4.578845626596822,
                5.484990989881522
            ]
        },
        {
            "x": [
                1.0,
                2.0,
                0.0,
                4.0,
                5.0,
                6.0,
                7.0,
                8.0,
                0.0,
                10.0,
                0.0,
                12.0,
                13.0,
                14.0
            ],
            "y": [
                1.157252632998261,
                1.7625372325539281,
                3.201779766030654,
                2.231163094649474,
                2.7052561350605324,
                9.756632624961878,
                5.484990989881522
            ]
        },
        {
            "x": [
                1.0,
                2.0,
                0.0,
                4.0,
                5.0,
                6.0,
                0.0,
                8.0,
                0.0,
                10.0,
                0.0,
                12.0,
                13.0,
                14.0
            ],
            "y": [
                1.0241398815070115,
                1.4147728012868672,
                2.343617700919349,
                4.20748607598726,
                2.7052561350605324,
                9.756632624961878,
                5.484990989881522
            ]
        },
        {
            "x": [
                1.0,
                2.0,
                0.0,
                4.0,
                5.0,
                6.0,
                0.0,
                8.0,
                0.0,
                10.0,
                0.0,
                0.0,
                13.0,
                14.0
            ],
            "y": [
                0.8131625248107263,
                1.5764726894404637,
                2.343617700919349,
                4.20748607598726,
                2.7052561350605324,
                9.756632624961878,
                5.484990989881522
            ]
        },
        {
            "x": [
                1.0,
                2.0,
                0.0,
                4.0,
                0.0,
                6.0,
                7.0,
                8.0,
                0.0,
                10.0,
                0.0,
                12.0,
                13.0,
                14.0
            ],
            "y": [
                1.0241398815070115,
                1.4147728012868672,
                2.343617700919349,
                1.7172101818663796,
                5.328085528123452,
                9.756632624961878,
                5.484990989881522
            ]
        },
        {
            "x": [
                1.0,
                2.0,
                0.0,
                4.0,
                0.0,
                6.0,
                0.0,
                8.0,
                0.0,
                10.0,
                0.0,
                12.0,
                13.0,
                14.0
            ],
            "y": [
                0.9382328176016543,
                1.1903358417455907,
                1.789785085014655,
                2.992671043079003,
                5.328085528123452,
                9.756632624961878,
                5.484990989881522
            ]
        },
        {
            "x": [
                1.0,
                0.0,
                3.0,
                4.0,
                5.0,
                6.0,
                7.0,
                8.0,
                0.0,
                10.0,
                0.0,
                12.0,
                13.0,
                14.0
            ],
            "y": [
                1.157252632998261,
                1.7625372325539281,
                3.201779766030654,
                2.231163094649474,
                2.7052561350605324,
                3.232335600295954,
                11.898461150375725
            ]
        },
        {
            "x": [
                1.0,
                0.0,
                3.0,
                4.0,
                5.0,
                6.0,
                0.0,
                8.0,
                0.0,
                10.0,
                0.0,
                12.0,
                13.0,
                14.0
            ],